{"count":1,"self":42.9628544,"total":92.137739799999991,"children":{"AgentResetIfDone":{"count":3978,"self":0.0629142,"total":0.0629142,"children":null},"AgentSendState":{"count":3978,"self":1.4037946,"total":5.8521975,"children":{"CollectObservations":{"count":111384,"self":4.4484028,"total":4.4484029,"children":null}}},"DecideAction":{"count":3978,"self":42.9071936,"total":42.9071922,"children":null},"AcademyStep":{"count":3978,"self":0.0200083,"total":0.0200083,"children":null},"AgentAct":{"count":3978,"self":0.3325747,"total":0.3325747,"children":null}}}