{"count":1,"self":12.944400799999999,"total":27.1390453,"children":{"AgentResetIfDone":{"count":871,"self":0.022746699999999998,"total":0.022746699999999998,"children":null},"AgentSendState":{"count":871,"self":0.094431599999999991,"total":0.3621985,"children":{"CollectObservations":{"count":6300,"self":0.2677669,"total":0.2677669,"children":null}}},"DecideAction":{"count":871,"self":11.821841599999999,"total":11.8218417,"children":null},"AcademyStep":{"count":871,"self":0.019896399999999998,"total":0.019896399999999998,"children":null},"AgentAct":{"count":871,"self":1.9659658,"total":1.9659658,"children":null}}}