{"count":1,"self":3.2767516,"total":176.675715,"children":{"AgentResetIfDone":{"count":3084,"self":0.029796399999999997,"total":0.029796399999999997,"children":null},"AgentSendState":{"count":3084,"self":0.1612404,"total":0.6111019,"children":{"CollectObservations":{"count":9252,"self":0.44986149999999997,"total":0.44986149999999997,"children":null}}},"DecideAction":{"count":3084,"self":171.7873664,"total":171.8847395,"children":{"AgentInfo.ToProto":{"count":9252,"self":0.0973679,"total":0.0973679,"children":null}}},"AcademyStep":{"count":3084,"self":0.0208764,"total":0.0208764,"children":null},"AgentAct":{"count":3084,"self":0.85145189999999993,"total":0.85145189999999993,"children":null}}}