{"count":1,"self":38.0147328,"total":64.08739,"children":{"AgentResetIfDone":{"count":2346,"self":0.0356862,"total":0.0356862,"children":null},"AgentSendState":{"count":2346,"self":0.1169746,"total":0.40991829999999996,"children":{"CollectObservations":{"count":7359,"self":0.2929437,"total":0.2929437,"children":null}}},"DecideAction":{"count":2346,"self":23.6610752,"total":23.6610746,"children":null},"AcademyStep":{"count":2346,"self":0.013031599999999999,"total":0.013031599999999999,"children":null},"AgentAct":{"count":2346,"self":1.9529463999999999,"total":1.9529462999999998,"children":null}}}