{"count":1,"self":198.36321279999999,"total":2608.7552708999997,"children":{"AgentResetIfDone":{"count":200084,"self":1.9396849999999999,"total":1.9396849999999999,"children":null},"AgentSendState":{"count":200084,"self":10.832156,"total":46.3363599,"children":{"CollectObservations":{"count":600252,"self":35.5042048,"total":35.5042038,"children":null}}},"DecideAction":{"count":200084,"self":2314.9389824,"total":2318.3804086,"children":{"AgentInfo.ToProto":{"count":100042,"self":3.4414392,"total":3.441439,"children":null}}},"AcademyStep":{"count":200084,"self":1.1286714,"total":1.1286714,"children":null},"AgentAct":{"count":200084,"self":42.606937599999995,"total":42.6069369,"children":null}}}