{"count":1,"self":273.4227968,"total":2737.0140367,"children":{"AgentResetIfDone":{"count":500084,"self":4.2249115999999995,"total":4.2249115999999995,"children":null},"AgentSendState":{"count":500084,"self":21.1847024,"total":74.7255705,"children":{"CollectObservations":{"count":1500255,"self":53.5408672,"total":53.5408676,"children":null}}},"DecideAction":{"count":500084,"self":2349.7150464,"total":2361.7844886,"children":{"AgentInfo.ToProto":{"count":500085,"self":12.0695024,"total":12.069502499999999,"children":null}}},"AcademyStep":{"count":500084,"self":3.0276734,"total":3.0276734,"children":null},"AgentAct":{"count":500084,"self":19.8266,"total":19.8265997,"children":null}}}