{"count":1,"self":5.7720592,"total":5.8548016999999994,"children":{"AgentResetIfDone":{"count":328,"self":0.008757899999999999,"total":0.008757899999999999,"children":null},"AgentSendState":{"count":328,"self":0.010928799999999999,"total":0.054318099999999994,"children":{"CollectObservations":{"count":328,"self":0.0433893,"total":0.0433893,"children":null}}},"DecideAction":{"count":328,"self":0.017704499999999998,"total":0.017704499999999998,"children":null}}}