{"count":1,"self":8.1942864,"total":9.4446599999999989,"children":{"AgentResetIfDone":{"count":685,"self":0.003953,"total":0.003953,"children":null},"AgentSendState":{"count":685,"self":0.0279291,"total":0.1199985,"children":{"CollectObservations":{"count":2055,"self":0.0920694,"total":0.0920694,"children":null}}},"DecideAction":{"count":685,"self":1.0827406,"total":1.0827406,"children":null},"AcademyStep":{"count":685,"self":0.0069517,"total":0.0069517,"children":null},"AgentAct":{"count":685,"self":0.0356984,"total":0.0356984,"children":null}}}