{"count":1,"self":702.8421632,"total":8130.5721840999995,"children":{"AgentResetIfDone":{"count":637251,"self":5.6087548,"total":5.6087546999999995,"children":null},"AgentSendState":{"count":637251,"self":40.001769599999996,"total":182.7341391,"children":{"CollectObservations":{"count":2549008,"self":142.7323648,"total":142.73237029999999,"children":null}}},"DecideAction":{"count":637251,"self":6935.1964671999995,"total":6949.5567716,"children":{"AgentInfo.ToProto":{"count":318626,"self":14.360432,"total":14.360432399999999,"children":null}}},"AcademyStep":{"count":637251,"self":3.5303616,"total":3.5303617,"children":null},"AgentAct":{"count":637251,"self":286.299008,"total":286.2990173,"children":null}}}