{"count":1,"self":49.8523104,"total":4240.0878908999994,"children":{"AgentResetIfDone":{"count":66834,"self":0.5804882,"total":0.5804882,"children":null},"AgentSendState":{"count":66834,"self":6.4265072,"total":29.0590455,"children":{"CollectObservations":{"count":481212,"self":22.6325376,"total":22.6325382,"children":null}}},"DecideAction":{"count":66834,"self":4060.8559103999996,"total":4063.0086136,"children":{"AgentInfo.ToProto":{"count":80202,"self":2.152666,"total":2.1526658999999997,"children":null}}},"AcademyStep":{"count":66834,"self":0.3560717,"total":0.3560717,"children":null},"AgentAct":{"count":66834,"self":97.2303616,"total":97.2303637,"children":null}}}