{"count":1,"self":48.747180799999995,"total":51.760837099999996,"children":{"AgentResetIfDone":{"count":4864,"self":0.0656726,"total":0.0656726,"children":null},"AgentSendState":{"count":4864,"self":0.032035799999999996,"total":0.0668643,"children":{"CollectObservations":{"count":487,"self":0.0348285,"total":0.0348285,"children":null}}},"DecideAction":{"count":4864,"self":2.8043696,"total":2.8043695,"children":null},"AcademyStep":{"count":4864,"self":0.0168613,"total":0.0168613,"children":null},"AgentAct":{"count":4864,"self":0.0588898,"total":0.0588898,"children":null}}}