{"count":1,"self":20.71432,"total":82.3867875,"children":{"AgentResetIfDone":{"count":731,"self":0.0079505,"total":0.0079505,"children":null},"AgentSendState":{"count":731,"self":0.045944399999999996,"total":0.2163793,"children":{"CollectObservations":{"count":3655,"self":0.1704349,"total":0.1704349,"children":null}}},"DecideAction":{"count":731,"self":61.4102336,"total":61.4102366,"children":null},"AcademyStep":{"count":731,"self":0.0039851999999999995,"total":0.0039851999999999995,"children":null},"AgentAct":{"count":731,"self":0.032916299999999996,"total":0.032916299999999996,"children":null}}}