{"count":1,"self":0.93929719999999994,"total":79.9785149,"children":{"AgentResetIfDone":{"count":584,"self":0.0059990999999999994,"total":0.0059990999999999994,"children":null},"AgentSendState":{"count":584,"self":0.089537499999999992,"total":0.4223324,"children":{"CollectObservations":{"count":5256,"self":0.3327949,"total":0.3327949,"children":null}}},"DecideAction":{"count":584,"self":78.000812799999991,"total":78.0543367,"children":{"AgentInfo.ToProto":{"count":292,"self":0.0535242,"total":0.0535242,"children":null}}},"AcademyStep":{"count":584,"self":0.0081317,"total":0.0081317,"children":null},"AgentAct":{"count":584,"self":0.5464221,"total":0.5464221,"children":null}}}