{"count":1,"self":793.0391552,"total":3324.9822123999998,"children":{"AgentResetIfDone":{"count":1000084,"self":8.2953192,"total":8.2953193,"children":null},"AgentSendState":{"count":1000084,"self":24.714278399999998,"total":79.79004789999999,"children":{"CollectObservations":{"count":1500135,"self":55.0757696,"total":55.0757687,"children":null}}},"DecideAction":{"count":1000084,"self":2387.5094528,"total":2400.0755206,"children":{"AgentInfo.ToProto":{"count":500045,"self":12.566051199999999,"total":12.5660516,"children":null}}},"AcademyStep":{"count":1000084,"self":6.3060144,"total":6.3060142999999993,"children":null},"AgentAct":{"count":1000084,"self":37.475152,"total":37.4751522,"children":null}}}