{"count":1,"self":12.091479999999999,"total":12.8351293,"children":{"AgentResetIfDone":{"count":1331,"self":0.014324199999999999,"total":0.014324199999999999,"children":null},"AgentSendState":{"count":1331,"self":0.0159606,"total":0.0378979,"children":{"CollectObservations":{"count":534,"self":0.0219373,"total":0.0219373,"children":null}}},"DecideAction":{"count":1331,"self":0.6536058,"total":0.6536058,"children":null},"AcademyStep":{"count":1331,"self":0.0040028,"total":0.0040028,"children":null},"AgentAct":{"count":1331,"self":0.0328208,"total":0.0328208,"children":null}}}