{"count":1,"self":7.3609903999999995,"total":9.8540872,"children":{"AgentResetIfDone":{"count":760,"self":0.0100529,"total":0.0100529,"children":null},"AgentSendState":{"count":760,"self":0.025988499999999998,"total":0.0748267,"children":{"CollectObservations":{"count":1064,"self":0.0488382,"total":0.0488382,"children":null}}},"DecideAction":{"count":760,"self":2.3737217999999998,"total":2.3737217999999998,"children":null},"AcademyStep":{"count":760,"self":0.002052,"total":0.002052,"children":null},"AgentAct":{"count":760,"self":0.032443599999999996,"total":0.032443599999999996,"children":null}}}