{"count":1,"self":1923.2475135999998,"total":50381.282648399996,"children":{"AgentResetIfDone":{"count":2500084,"self":21.9009264,"total":21.9009265,"children":null},"AgentSendState":{"count":2500084,"self":109.68610559999999,"total":501.78945059999995,"children":{"CollectObservations":{"count":7500255,"self":392.1033472,"total":392.10334359999996,"children":null}}},"DecideAction":{"count":2500084,"self":47725.3206016,"total":47802.722771199995,"children":{"AgentInfo.ToProto":{"count":2500085,"self":77.4028864,"total":77.4028884,"children":null}}},"AcademyStep":{"count":2500084,"self":15.8979232,"total":15.897924,"children":null},"AgentAct":{"count":2500084,"self":115.7229952,"total":115.7229921,"children":null}}}