{"count":1,"self":26.9404544,"total":50.931896599999995,"children":{"AgentResetIfDone":{"count":1914,"self":0.0402876,"total":0.0402876,"children":null},"AgentSendState":{"count":1914,"self":0.0526258,"total":0.1379549,"children":{"CollectObservations":{"count":960,"self":0.085329099999999991,"total":0.085329099999999991,"children":null}}},"DecideAction":{"count":1914,"self":23.6845984,"total":23.684597999999998,"children":null},"AcademyStep":{"count":1914,"self":0.019677999999999998,"total":0.019677999999999998,"children":null},"AgentAct":{"count":1914,"self":0.10789829999999999,"total":0.10789829999999999,"children":null}}}