{"count":1,"self":27.326457599999998,"total":37.859789,"children":{"AgentResetIfDone":{"count":2266,"self":0.0341552,"total":0.0341552,"children":null},"AgentSendState":{"count":2266,"self":0.013795499999999999,"total":0.0560581,"children":{"CollectObservations":{"count":454,"self":0.0422626,"total":0.0422626,"children":null}}},"DecideAction":{"count":2266,"self":10.3732952,"total":10.3732954,"children":null},"AcademyStep":{"count":2266,"self":0.017991399999999998,"total":0.017991399999999998,"children":null},"AgentAct":{"count":2266,"self":0.049802,"total":0.049802,"children":null}}}