{"count":1,"self":4.741594,"total":60.6474926,"children":{"AgentResetIfDone":{"count":3251,"self":0.0661846,"total":0.0661846,"children":null},"AgentSendState":{"count":3251,"self":0.5546559,"total":3.1974601999999996,"children":{"CollectObservations":{"count":14038,"self":2.6428043999999997,"total":2.6428043,"children":null}}},"DecideAction":{"count":3251,"self":52.190495999999996,"total":52.445409,"children":{"AgentInfo.ToProto":{"count":6502,"self":0.25491369999999997,"total":0.25491369999999997,"children":null}}},"AcademyStep":{"count":3251,"self":0.048248599999999996,"total":0.048248599999999996,"children":null},"AgentAct":{"count":3251,"self":0.1475668,"total":0.1475668,"children":null}}}