{"count":1,"self":114.4749824,"total":587.8350746,"children":{"AgentResetIfDone":{"count":153167,"self":1.497572,"total":1.497572,"children":null},"AgentSendState":{"count":153167,"self":7.5261743999999995,"total":30.845166199999998,"children":{"CollectObservations":{"count":490144,"self":23.318991999999998,"total":23.318991399999998,"children":null}}},"DecideAction":{"count":153167,"self":429.9488768,"total":433.5436638,"children":{"AgentInfo.ToProto":{"count":61268,"self":3.5947752,"total":3.594775,"children":null}}},"AcademyStep":{"count":153167,"self":1.0495096,"total":1.0495096,"children":null},"AgentAct":{"count":153167,"self":6.4222652,"total":6.4222652,"children":null}}}