{"count":1,"self":15.094993599999999,"total":20.050041399999998,"children":{"AgentResetIfDone":{"count":651,"self":0.0300994,"total":0.0300994,"children":null},"AgentSendState":{"count":651,"self":0.2903865,"total":1.7695755,"children":{"CollectObservations":{"count":5208,"self":1.4791889999999999,"total":1.4791889999999999,"children":null}}},"DecideAction":{"count":651,"self":3.1059821999999997,"total":3.1059821999999997,"children":null},"AcademyStep":{"count":651,"self":0.0135061,"total":0.0135061,"children":null},"AgentAct":{"count":651,"self":0.0338471,"total":0.0338471,"children":null}}}