{"count":1,"self":1592.6843391999998,"total":9537.5224160999987,"children":{"AgentResetIfDone":{"count":103465,"self":1.1048845,"total":1.1048845,"children":null},"AgentSendState":{"count":103465,"self":6.2053591999999993,"total":25.792140399999997,"children":{"CollectObservations":{"count":517325,"self":19.5867808,"total":19.5867811,"children":null}}},"DecideAction":{"count":103465,"self":7914.31168,"total":7914.3114663999995,"children":null},"AcademyStep":{"count":103465,"self":0.43727869999999996,"total":0.43727869999999996,"children":null},"AgentAct":{"count":103465,"self":3.1902763999999997,"total":3.1902765,"children":null}}}