{"count":1,"self":19.413763199999998,"total":27.7258765,"children":{"AgentResetIfDone":{"count":2041,"self":0.0460082,"total":0.0460082,"children":null},"AgentSendState":{"count":2041,"self":0.013849199999999999,"total":0.0346445,"children":{"CollectObservations":{"count":409,"self":0.0207953,"total":0.0207953,"children":null}}},"DecideAction":{"count":2041,"self":8.177211999999999,"total":8.1772122,"children":null},"AcademyStep":{"count":2041,"self":0.0098998,"total":0.0098998,"children":null},"AgentAct":{"count":2041,"self":0.0433511,"total":0.0433511,"children":null}}}