{"count":1,"self":53.2687872,"total":182.19191239999998,"children":{"AgentResetIfDone":{"count":95334,"self":0.8499778,"total":0.8499778,"children":null},"AgentSendState":{"count":95334,"self":2.6528655999999997,"total":9.7137921,"children":{"CollectObservations":{"count":152536,"self":7.0609264,"total":7.0609265,"children":null}}},"DecideAction":{"count":95334,"self":114.1744128,"total":115.10169619999999,"children":{"AgentInfo.ToProto":{"count":38134,"self":0.9272807,"total":0.9272807,"children":null}}},"AcademyStep":{"count":95334,"self":0.47769799999999996,"total":0.47769799999999996,"children":null},"AgentAct":{"count":95334,"self":2.7789648,"total":2.7789647,"children":null}}}