{"count":1,"self":19.627588799999998,"total":24.9056778,"children":{"AgentResetIfDone":{"count":2461,"self":0.028900099999999998,"total":0.028900099999999998,"children":null},"AgentSendState":{"count":2461,"self":0.046196499999999995,"total":0.1694804,"children":{"CollectObservations":{"count":1983,"self":0.12328389999999999,"total":0.12328389999999999,"children":null}}},"DecideAction":{"count":2461,"self":4.7243683999999995,"total":4.7243683,"children":null},"AcademyStep":{"count":2461,"self":0.0130463,"total":0.0130463,"children":null},"AgentAct":{"count":2461,"self":0.3412962,"total":0.3412962,"children":null}}}